-- phpMyAdmin SQL Dump
-- version 5.2.1
-- https://www.phpmyadmin.net/
--
-- Servidor: 127.0.0.1
-- Tiempo de generación: 18-10-2024 a las 11:02:51
-- Versión del servidor: 10.4.32-MariaDB
-- Versión de PHP: 8.2.12

SET SQL_MODE = "NO_AUTO_VALUE_ON_ZERO";
START TRANSACTION;
SET time_zone = "+00:00";


/*!40101 SET @OLD_CHARACTER_SET_CLIENT=@@CHARACTER_SET_CLIENT */;
/*!40101 SET @OLD_CHARACTER_SET_RESULTS=@@CHARACTER_SET_RESULTS */;
/*!40101 SET @OLD_COLLATION_CONNECTION=@@COLLATION_CONNECTION */;
/*!40101 SET NAMES utf8mb4 */;

--
-- Base de datos: `sportmap`
--

-- --------------------------------------------------------

--
-- Estructura de tabla para la tabla `canchas`
--

CREATE TABLE `canchas` (
  `CanchaID` int(11) NOT NULL,
  `Nombre` varchar(100) NOT NULL,
  `CentroID` int(11) DEFAULT NULL,
  `PrecioPorHora` decimal(10,2) NOT NULL
) ENGINE=InnoDB DEFAULT CHARSET=utf8 COLLATE=utf8_spanish2_ci;

--
-- Volcado de datos para la tabla `canchas`
--

INSERT INTO `canchas` (`CanchaID`, `Nombre`, `CentroID`, `PrecioPorHora`) VALUES
(13, 'Cancha 1', 6, 100.00),
(14, 'Cancha 2', 6, 120.00),
(15, 'Cancha 1', 7, 80.00),
(16, 'Cancha 2', 7, 90.00),
(17, 'Cancha 3', 7, 85.00),
(18, 'Cancha 1', 8, 150.00),
(19, 'Cancha 2', 8, 140.00),
(20, 'Cancha 1', 9, 75.00),
(21, 'Cancha 2', 9, 70.00),
(22, 'Cancha 3', 9, 65.00),
(23, 'Cancha 4', 9, 60.00),
(24, 'Cancha 1', 10, 50.00),
(25, 'Cancha 2', 10, 55.00),
(26, 'Cancha 1', 11, 45.00),
(27, 'Cancha 2', 11, 50.00),
(28, 'Cancha 3', 11, 55.00),
(29, 'Cancha 1', 12, 60.00),
(30, 'Cancha 2', 12, 65.00),
(31, 'Cancha 1', 13, 55.00),
(32, 'Cancha 2', 13, 60.00),
(33, 'Cancha 3', 13, 65.00),
(34, 'Cancha 1', 14, 110.00),
(35, 'Cancha 2', 14, 115.00),
(36, 'Cancha 1', 15, 100.00),
(37, 'Cancha 2', 15, 105.00),
(38, 'Cancha 3', 15, 110.00),
(39, 'Cancha 1', 16, 130.00),
(40, 'Cancha 2', 16, 135.00),
(41, 'Cancha 1', 17, 140.00),
(42, 'Cancha 2', 17, 145.00),
(43, 'Cancha 3', 17, 150.00),
(44, 'Cancha 4', 17, 155.00);

-- --------------------------------------------------------

--
-- Estructura de tabla para la tabla `centrosdeportivos`
--

CREATE TABLE `centrosdeportivos` (
  `CentroID` int(11) NOT NULL,
  `Nombre` varchar(100) NOT NULL,
  `Ubicacion` varchar(255) NOT NULL,
  `comuna` varchar(100) NOT NULL
) ENGINE=InnoDB DEFAULT CHARSET=utf8 COLLATE=utf8_spanish2_ci;

--
-- Volcado de datos para la tabla `centrosdeportivos`
--

INSERT INTO `centrosdeportivos` (`CentroID`, `Nombre`, `Ubicacion`, `comuna`) VALUES
(6, 'Sport Park Malloco', 'Ubicación F', 'Peñaflor'),
(7, 'Canchas San Javier', 'Ubicación G', 'Peñaflor'),
(8, 'Club del Valle Peñaflor', 'Ubicación H', 'Peñaflor'),
(9, 'Cancha Club Deportivo Estrella de Nazareth', 'Ubicación I', 'Peñaflor'),
(10, 'Ex Polideportivo Cerrillos', 'Ubicación J', 'Cerrillos'),
(11, 'Cancha de pasto Cerrillos', 'Ubicación K', 'Cerrillos'),
(12, 'Multicancha Las Tres Villas', 'Ubicación L', 'Cerrillos'),
(13, 'Multicancha Los Presidentes', 'Ubicación M', 'Cerrillos'),
(14, 'Power Soccer', 'Ubicación N', 'Talagante'),
(15, 'Canchas Club Rabona & Bier Garden', 'Ubicación O', 'Talagante'),
(16, 'Club Carampangue', 'Ubicación P', 'Talagante'),
(17, 'Cancha Club Deportivo Talagante', 'Ubicación Q', 'Talagante');

-- --------------------------------------------------------

--
-- Estructura de tabla para la tabla `contactos`
--

CREATE TABLE `contactos` (
  `contactoID` int(11) NOT NULL,
  `userID` int(11) DEFAULT NULL,
  `nombre_completo` varchar(255) DEFAULT NULL,
  `email` varchar(255) DEFAULT NULL,
  `telefono` varchar(20) DEFAULT NULL,
  `asunto` varchar(255) DEFAULT NULL,
  `mensaje` text DEFAULT NULL,
  `fecha_contacto` timestamp NOT NULL DEFAULT current_timestamp()
) ENGINE=InnoDB DEFAULT CHARSET=utf8 COLLATE=utf8_spanish2_ci;

--
-- Volcado de datos para la tabla `contactos`
--

INSERT INTO `contactos` (`contactoID`, `userID`, `nombre_completo`, `email`, `telefono`, `asunto`, `mensaje`, `fecha_contacto`) VALUES
(1, 1, 'sebastian', 'sebas.200294@gmail.com', '930398712', 'pagina qla', 'caca', '2024-10-14 20:25:52');

-- --------------------------------------------------------

--
-- Estructura de tabla para la tabla `horarios`
--

CREATE TABLE `horarios` (
  `HorarioID` int(11) NOT NULL,
  `CanchaID` int(11) DEFAULT NULL,
  `HoraInicio` time DEFAULT NULL,
  `HoraFin` time DEFAULT NULL,
  `Disponible` tinyint(1) DEFAULT 1
) ENGINE=InnoDB DEFAULT CHARSET=utf8 COLLATE=utf8_spanish2_ci;

--
-- Volcado de datos para la tabla `horarios`
--

INSERT INTO `horarios` (`HorarioID`, `CanchaID`, `HoraInicio`, `HoraFin`, `Disponible`) VALUES
(66, 13, '08:00:00', '09:00:00', 1),
(67, 13, '09:00:00', '10:00:00', 1),
(68, 13, '10:00:00', '11:00:00', 1),
(69, 13, '11:00:00', '12:00:00', 1),
(70, 13, '12:00:00', '13:00:00', 1),
(71, 13, '13:00:00', '14:00:00', 1),
(72, 13, '14:00:00', '15:00:00', 1),
(73, 13, '15:00:00', '16:00:00', 1),
(74, 13, '16:00:00', '17:00:00', 1),
(75, 13, '17:00:00', '18:00:00', 1),
(76, 13, '18:00:00', '19:00:00', 1),
(77, 13, '19:00:00', '20:00:00', 1),
(78, 13, '20:00:00', '21:00:00', 1),
(79, 13, '21:00:00', '22:00:00', 1),
(80, 13, '22:00:00', '23:00:00', 1),
(81, 13, '23:00:00', '24:00:00', 1),
(82, 14, '08:00:00', '09:00:00', 1),
(83, 14, '09:00:00', '10:00:00', 1),
(84, 14, '10:00:00', '11:00:00', 1),
(85, 14, '11:00:00', '12:00:00', 1),
(86, 14, '12:00:00', '13:00:00', 1),
(87, 14, '13:00:00', '14:00:00', 1),
(88, 14, '14:00:00', '15:00:00', 1),
(89, 14, '15:00:00', '16:00:00', 1),
(90, 14, '16:00:00', '17:00:00', 1),
(91, 14, '17:00:00', '18:00:00', 1),
(92, 14, '18:00:00', '19:00:00', 1),
(93, 14, '19:00:00', '20:00:00', 1),
(94, 14, '20:00:00', '21:00:00', 1),
(95, 14, '21:00:00', '22:00:00', 1),
(96, 14, '22:00:00', '23:00:00', 1),
(97, 14, '23:00:00', '24:00:00', 1),
(98, 15, '08:00:00', '09:00:00', 1),
(99, 15, '09:00:00', '10:00:00', 1),
(100, 15, '10:00:00', '11:00:00', 1),
(101, 15, '11:00:00', '12:00:00', 1),
(102, 15, '12:00:00', '13:00:00', 1),
(103, 15, '13:00:00', '14:00:00', 1),
(104, 15, '14:00:00', '15:00:00', 1),
(105, 15, '15:00:00', '16:00:00', 1),
(106, 15, '16:00:00', '17:00:00', 1),
(107, 15, '17:00:00', '18:00:00', 1),
(108, 15, '18:00:00', '19:00:00', 1),
(109, 15, '19:00:00', '20:00:00', 1),
(110, 15, '20:00:00', '21:00:00', 1),
(111, 15, '21:00:00', '22:00:00', 1),
(112, 15, '22:00:00', '23:00:00', 1),
(113, 15, '23:00:00', '24:00:00', 1),
(114, 16, '08:00:00', '09:00:00', 1),
(115, 16, '09:00:00', '10:00:00', 1),
(116, 16, '10:00:00', '11:00:00', 1),
(117, 16, '11:00:00', '12:00:00', 1),
(118, 16, '12:00:00', '13:00:00', 1),
(119, 16, '13:00:00', '14:00:00', 1),
(120, 16, '14:00:00', '15:00:00', 1),
(121, 16, '15:00:00', '16:00:00', 1),
(122, 16, '16:00:00', '17:00:00', 1),
(123, 16, '17:00:00', '18:00:00', 1),
(124, 16, '18:00:00', '19:00:00', 1),
(125, 16, '19:00:00', '20:00:00', 1),
(126, 16, '20:00:00', '21:00:00', 1),
(127, 16, '21:00:00', '22:00:00', 1),
(128, 16, '22:00:00', '23:00:00', 1),
(129, 16, '23:00:00', '24:00:00', 1),
(130, 17, '08:00:00', '09:00:00', 1),
(131, 17, '09:00:00', '10:00:00', 1),
(132, 17, '10:00:00', '11:00:00', 1),
(133, 17, '11:00:00', '12:00:00', 1),
(134, 17, '12:00:00', '13:00:00', 1),
(135, 17, '13:00:00', '14:00:00', 1),
(136, 17, '14:00:00', '15:00:00', 1),
(137, 17, '15:00:00', '16:00:00', 1),
(138, 17, '16:00:00', '17:00:00', 1),
(139, 17, '17:00:00', '18:00:00', 1),
(140, 17, '18:00:00', '19:00:00', 1),
(141, 17, '19:00:00', '20:00:00', 1),
(142, 17, '20:00:00', '21:00:00', 1),
(143, 17, '21:00:00', '22:00:00', 1),
(144, 17, '22:00:00', '23:00:00', 1),
(145, 17, '23:00:00', '24:00:00', 1),
(146, 18, '08:00:00', '09:00:00', 1),
(147, 18, '09:00:00', '10:00:00', 1),
(148, 18, '10:00:00', '11:00:00', 1),
(149, 18, '11:00:00', '12:00:00', 1),
(150, 18, '12:00:00', '13:00:00', 1),
(151, 18, '13:00:00', '14:00:00', 1),
(152, 18, '14:00:00', '15:00:00', 1),
(153, 18, '15:00:00', '16:00:00', 1),
(154, 18, '16:00:00', '17:00:00', 1),
(155, 18, '17:00:00', '18:00:00', 1),
(156, 18, '18:00:00', '19:00:00', 1),
(157, 18, '19:00:00', '20:00:00', 1),
(158, 18, '20:00:00', '21:00:00', 1),
(159, 18, '21:00:00', '22:00:00', 1),
(160, 18, '22:00:00', '23:00:00', 1),
(161, 18, '23:00:00', '24:00:00', 1),
(162, 19, '08:00:00', '09:00:00', 1),
(163, 19, '09:00:00', '10:00:00', 1),
(164, 19, '10:00:00', '11:00:00', 1),
(165, 19, '11:00:00', '12:00:00', 1),
(166, 19, '12:00:00', '13:00:00', 1),
(167, 19, '13:00:00', '14:00:00', 1),
(168, 19, '14:00:00', '15:00:00', 1),
(169, 19, '15:00:00', '16:00:00', 1),
(170, 19, '16:00:00', '17:00:00', 1),
(171, 19, '17:00:00', '18:00:00', 1),
(172, 19, '18:00:00', '19:00:00', 1),
(173, 19, '19:00:00', '20:00:00', 1),
(174, 19, '20:00:00', '21:00:00', 1),
(175, 19, '21:00:00', '22:00:00', 1),
(176, 19, '22:00:00', '23:00:00', 1),
(177, 19, '23:00:00', '24:00:00', 1),
(178, 20, '08:00:00', '09:00:00', 1),
(179, 20, '09:00:00', '10:00:00', 1),
(180, 20, '10:00:00', '11:00:00', 1),
(181, 20, '11:00:00', '12:00:00', 1),
(182, 20, '12:00:00', '13:00:00', 1),
(183, 20, '13:00:00', '14:00:00', 1),
(184, 20, '14:00:00', '15:00:00', 1),
(185, 20, '15:00:00', '16:00:00', 1),
(186, 20, '16:00:00', '17:00:00', 1),
(187, 20, '17:00:00', '18:00:00', 1),
(188, 20, '18:00:00', '19:00:00', 1),
(189, 20, '19:00:00', '20:00:00', 1),
(190, 20, '20:00:00', '21:00:00', 1),
(191, 20, '21:00:00', '22:00:00', 1),
(192, 20, '22:00:00', '23:00:00', 1),
(193, 20, '23:00:00', '24:00:00', 1),
(194, 21, '08:00:00', '09:00:00', 1),
(195, 21, '09:00:00', '10:00:00', 1),
(196, 21, '10:00:00', '11:00:00', 1),
(197, 21, '11:00:00', '12:00:00', 1),
(198, 21, '12:00:00', '13:00:00', 1),
(199, 21, '13:00:00', '14:00:00', 1),
(200, 21, '14:00:00', '15:00:00', 1),
(201, 21, '15:00:00', '16:00:00', 1),
(202, 21, '16:00:00', '17:00:00', 1),
(203, 21, '17:00:00', '18:00:00', 1),
(204, 21, '18:00:00', '19:00:00', 1),
(205, 21, '19:00:00', '20:00:00', 1),
(206, 21, '20:00:00', '21:00:00', 1),
(207, 21, '21:00:00', '22:00:00', 1),
(208, 21, '22:00:00', '23:00:00', 1),
(209, 21, '23:00:00', '24:00:00', 1),
(210, 22, '08:00:00', '09:00:00', 1),
(211, 22, '09:00:00', '10:00:00', 1),
(212, 22, '10:00:00', '11:00:00', 1),
(213, 22, '11:00:00', '12:00:00', 1),
(214, 22, '12:00:00', '13:00:00', 1),
(215, 22, '13:00:00', '14:00:00', 1),
(216, 22, '14:00:00', '15:00:00', 1),
(217, 22, '15:00:00', '16:00:00', 1),
(218, 22, '16:00:00', '17:00:00', 1),
(219, 22, '17:00:00', '18:00:00', 1),
(220, 22, '18:00:00', '19:00:00', 1),
(221, 22, '19:00:00', '20:00:00', 1),
(222, 22, '20:00:00', '21:00:00', 1),
(223, 22, '21:00:00', '22:00:00', 1),
(224, 22, '22:00:00', '23:00:00', 1),
(225, 22, '23:00:00', '24:00:00', 1),
(226, 23, '08:00:00', '09:00:00', 1),
(227, 23, '09:00:00', '10:00:00', 1),
(228, 23, '10:00:00', '11:00:00', 1),
(229, 23, '11:00:00', '12:00:00', 1),
(230, 23, '12:00:00', '13:00:00', 1),
(231, 23, '13:00:00', '14:00:00', 1),
(232, 23, '14:00:00', '15:00:00', 1),
(233, 23, '15:00:00', '16:00:00', 1),
(234, 23, '16:00:00', '17:00:00', 1),
(235, 23, '17:00:00', '18:00:00', 1),
(236, 23, '18:00:00', '19:00:00', 1),
(237, 23, '19:00:00', '20:00:00', 1),
(238, 23, '20:00:00', '21:00:00', 1),
(239, 23, '21:00:00', '22:00:00', 1),
(240, 23, '22:00:00', '23:00:00', 1),
(241, 23, '23:00:00', '24:00:00', 1),
(242, 24, '08:00:00', '09:00:00', 1),
(243, 24, '09:00:00', '10:00:00', 1),
(244, 24, '10:00:00', '11:00:00', 1),
(245, 24, '11:00:00', '12:00:00', 1),
(246, 24, '12:00:00', '13:00:00', 1),
(247, 24, '13:00:00', '14:00:00', 1),
(248, 24, '14:00:00', '15:00:00', 1),
(249, 24, '15:00:00', '16:00:00', 1),
(250, 24, '16:00:00', '17:00:00', 1),
(251, 24, '17:00:00', '18:00:00', 1),
(252, 24, '18:00:00', '19:00:00', 1),
(253, 24, '19:00:00', '20:00:00', 1),
(254, 24, '20:00:00', '21:00:00', 1),
(255, 24, '21:00:00', '22:00:00', 1),
(256, 24, '22:00:00', '23:00:00', 1),
(257, 24, '23:00:00', '24:00:00', 1),
(258, 25, '08:00:00', '09:00:00', 1),
(259, 25, '09:00:00', '10:00:00', 1),
(260, 25, '10:00:00', '11:00:00', 1),
(261, 25, '11:00:00', '12:00:00', 1),
(262, 25, '12:00:00', '13:00:00', 1),
(263, 25, '13:00:00', '14:00:00', 1),
(264, 25, '14:00:00', '15:00:00', 1),
(265, 25, '15:00:00', '16:00:00', 1),
(266, 25, '16:00:00', '17:00:00', 1),
(267, 25, '17:00:00', '18:00:00', 1),
(268, 25, '18:00:00', '19:00:00', 1),
(269, 25, '19:00:00', '20:00:00', 1),
(270, 25, '20:00:00', '21:00:00', 1),
(271, 25, '21:00:00', '22:00:00', 1),
(272, 25, '22:00:00', '23:00:00', 1),
(273, 25, '23:00:00', '24:00:00', 1),
(274, 26, '08:00:00', '09:00:00', 1),
(275, 26, '09:00:00', '10:00:00', 1),
(276, 26, '10:00:00', '11:00:00', 1),
(277, 26, '11:00:00', '12:00:00', 1),
(278, 26, '12:00:00', '13:00:00', 1),
(279, 26, '13:00:00', '14:00:00', 1),
(280, 26, '14:00:00', '15:00:00', 1),
(281, 26, '15:00:00', '16:00:00', 1),
(282, 26, '16:00:00', '17:00:00', 1),
(283, 26, '17:00:00', '18:00:00', 1),
(284, 26, '18:00:00', '19:00:00', 1),
(285, 26, '19:00:00', '20:00:00', 1),
(286, 26, '20:00:00', '21:00:00', 1),
(287, 26, '21:00:00', '22:00:00', 1),
(288, 26, '22:00:00', '23:00:00', 1),
(289, 26, '23:00:00', '24:00:00', 1),
(290, 27, '08:00:00', '09:00:00', 1),
(291, 27, '09:00:00', '10:00:00', 1),
(292, 27, '10:00:00', '11:00:00', 1),
(293, 27, '11:00:00', '12:00:00', 1),
(294, 27, '12:00:00', '13:00:00', 1),
(295, 27, '13:00:00', '14:00:00', 1),
(296, 27, '14:00:00', '15:00:00', 1),
(297, 27, '15:00:00', '16:00:00', 1),
(298, 27, '16:00:00', '17:00:00', 1),
(299, 27, '17:00:00', '18:00:00', 1),
(300, 27, '18:00:00', '19:00:00', 1),
(301, 27, '19:00:00', '20:00:00', 1),
(302, 27, '20:00:00', '21:00:00', 1),
(303, 27, '21:00:00', '22:00:00', 1),
(304, 27, '22:00:00', '23:00:00', 1),
(305, 27, '23:00:00', '24:00:00', 1),
(306, 28, '08:00:00', '09:00:00', 1),
(307, 28, '09:00:00', '10:00:00', 1),
(308, 28, '10:00:00', '11:00:00', 1),
(309, 28, '11:00:00', '12:00:00', 1),
(310, 28, '12:00:00', '13:00:00', 1),
(311, 28, '13:00:00', '14:00:00', 1),
(312, 28, '14:00:00', '15:00:00', 1),
(313, 28, '15:00:00', '16:00:00', 1),
(314, 28, '16:00:00', '17:00:00', 1),
(315, 28, '17:00:00', '18:00:00', 1),
(316, 28, '18:00:00', '19:00:00', 1),
(317, 28, '19:00:00', '20:00:00', 1),
(318, 28, '20:00:00', '21:00:00', 1),
(319, 28, '21:00:00', '22:00:00', 1),
(320, 28, '22:00:00', '23:00:00', 1),
(321, 28, '23:00:00', '24:00:00', 1),
(322, 29, '08:00:00', '09:00:00', 1),
(323, 29, '09:00:00', '10:00:00', 1),
(324, 29, '10:00:00', '11:00:00', 1),
(325, 29, '11:00:00', '12:00:00', 1),
(326, 29, '12:00:00', '13:00:00', 1),
(327, 29, '13:00:00', '14:00:00', 1),
(328, 29, '14:00:00', '15:00:00', 1),
(329, 29, '15:00:00', '16:00:00', 1),
(330, 29, '16:00:00', '17:00:00', 1),
(331, 29, '17:00:00', '18:00:00', 1),
(332, 29, '18:00:00', '19:00:00', 1),
(333, 29, '19:00:00', '20:00:00', 1),
(334, 29, '20:00:00', '21:00:00', 1),
(335, 29, '21:00:00', '22:00:00', 1),
(336, 29, '22:00:00', '23:00:00', 1),
(337, 29, '23:00:00', '24:00:00', 1),
(338, 30, '08:00:00', '09:00:00', 1),
(339, 30, '09:00:00', '10:00:00', 1),
(340, 30, '10:00:00', '11:00:00', 1),
(341, 30, '11:00:00', '12:00:00', 1),
(342, 30, '12:00:00', '13:00:00', 1),
(343, 30, '13:00:00', '14:00:00', 1),
(344, 30, '14:00:00', '15:00:00', 1),
(345, 30, '15:00:00', '16:00:00', 1),
(346, 30, '16:00:00', '17:00:00', 1),
(347, 30, '17:00:00', '18:00:00', 1),
(348, 30, '18:00:00', '19:00:00', 1),
(349, 30, '19:00:00', '20:00:00', 1),
(350, 30, '20:00:00', '21:00:00', 1),
(351, 30, '21:00:00', '22:00:00', 1),
(352, 30, '22:00:00', '23:00:00', 1),
(353, 30, '23:00:00', '24:00:00', 1),
(354, 31, '08:00:00', '09:00:00', 1),
(355, 31, '09:00:00', '10:00:00', 1),
(356, 31, '10:00:00', '11:00:00', 1),
(357, 31, '11:00:00', '12:00:00', 1),
(358, 31, '12:00:00', '13:00:00', 1),
(359, 31, '13:00:00', '14:00:00', 1),
(360, 31, '14:00:00', '15:00:00', 1),
(361, 31, '15:00:00', '16:00:00', 1),
(362, 31, '16:00:00', '17:00:00', 1),
(363, 31, '17:00:00', '18:00:00', 1),
(364, 31, '18:00:00', '19:00:00', 1),
(365, 31, '19:00:00', '20:00:00', 1),
(366, 31, '20:00:00', '21:00:00', 1),
(367, 31, '21:00:00', '22:00:00', 1),
(368, 31, '22:00:00', '23:00:00', 1),
(369, 31, '23:00:00', '24:00:00', 1),
(370, 32, '08:00:00', '09:00:00', 1),
(371, 32, '09:00:00', '10:00:00', 1),
(372, 32, '10:00:00', '11:00:00', 1),
(373, 32, '11:00:00', '12:00:00', 1),
(374, 32, '12:00:00', '13:00:00', 1),
(375, 32, '13:00:00', '14:00:00', 1),
(376, 32, '14:00:00', '15:00:00', 1),
(377, 32, '15:00:00', '16:00:00', 1),
(378, 32, '16:00:00', '17:00:00', 1),
(379, 32, '17:00:00', '18:00:00', 1),
(380, 32, '18:00:00', '19:00:00', 1),
(381, 32, '19:00:00', '20:00:00', 1),
(382, 32, '20:00:00', '21:00:00', 1),
(383, 32, '21:00:00', '22:00:00', 1),
(384, 32, '22:00:00', '23:00:00', 1),
(385, 32, '23:00:00', '24:00:00', 1),
(386, 33, '08:00:00', '09:00:00', 1),
(387, 33, '09:00:00', '10:00:00', 1),
(388, 33, '10:00:00', '11:00:00', 1),
(389, 33, '11:00:00', '12:00:00', 1),
(390, 33, '12:00:00', '13:00:00', 1),
(391, 33, '13:00:00', '14:00:00', 1),
(392, 33, '14:00:00', '15:00:00', 1),
(393, 33, '15:00:00', '16:00:00', 1),
(394, 33, '16:00:00', '17:00:00', 1),
(395, 33, '17:00:00', '18:00:00', 1),
(396, 33, '18:00:00', '19:00:00', 1),
(397, 33, '19:00:00', '20:00:00', 1),
(398, 33, '20:00:00', '21:00:00', 1),
(399, 33, '21:00:00', '22:00:00', 1),
(400, 33, '22:00:00', '23:00:00', 1),
(401, 33, '23:00:00', '24:00:00', 1),
(402, 34, '08:00:00', '09:00:00', 1),
(403, 34, '09:00:00', '10:00:00', 1),
(404, 34, '10:00:00', '11:00:00', 1),
(405, 34, '11:00:00', '12:00:00', 1),
(406, 34, '12:00:00', '13:00:00', 1),
(407, 34, '13:00:00', '14:00:00', 1),
(408, 34, '14:00:00', '15:00:00', 1),
(409, 34, '15:00:00', '16:00:00', 1),
(410, 34, '16:00:00', '17:00:00', 1),
(411, 34, '17:00:00', '18:00:00', 1),
(412, 34, '18:00:00', '19:00:00', 1),
(413, 34, '19:00:00', '20:00:00', 1),
(414, 34, '20:00:00', '21:00:00', 1),
(415, 34, '21:00:00', '22:00:00', 1),
(416, 34, '22:00:00', '23:00:00', 1),
(417, 34, '23:00:00', '24:00:00', 1),
(418, 35, '08:00:00', '09:00:00', 1),
(419, 35, '09:00:00', '10:00:00', 1),
(420, 35, '10:00:00', '11:00:00', 1),
(421, 35, '11:00:00', '12:00:00', 1),
(422, 35, '12:00:00', '13:00:00', 1),
(423, 35, '13:00:00', '14:00:00', 1),
(424, 35, '14:00:00', '15:00:00', 1),
(425, 35, '15:00:00', '16:00:00', 1),
(426, 35, '16:00:00', '17:00:00', 1),
(427, 35, '17:00:00', '18:00:00', 1),
(428, 35, '18:00:00', '19:00:00', 1),
(429, 35, '19:00:00', '20:00:00', 1),
(430, 35, '20:00:00', '21:00:00', 1),
(431, 35, '21:00:00', '22:00:00', 1),
(432, 35, '22:00:00', '23:00:00', 1),
(433, 35, '23:00:00', '24:00:00', 1),
(434, 36, '08:00:00', '09:00:00', 1),
(435, 36, '09:00:00', '10:00:00', 1),
(436, 36, '10:00:00', '11:00:00', 1),
(437, 36, '11:00:00', '12:00:00', 1),
(438, 36, '12:00:00', '13:00:00', 1),
(439, 36, '13:00:00', '14:00:00', 1),
(440, 36, '14:00:00', '15:00:00', 1),
(441, 36, '15:00:00', '16:00:00', 1),
(442, 36, '16:00:00', '17:00:00', 1),
(443, 36, '17:00:00', '18:00:00', 1),
(444, 36, '18:00:00', '19:00:00', 1),
(445, 36, '19:00:00', '20:00:00', 1),
(446, 36, '20:00:00', '21:00:00', 1),
(447, 36, '21:00:00', '22:00:00', 1),
(448, 36, '22:00:00', '23:00:00', 1),
(449, 36, '23:00:00', '24:00:00', 1),
(450, 37, '08:00:00', '09:00:00', 1),
(451, 37, '09:00:00', '10:00:00', 1),
(452, 37, '10:00:00', '11:00:00', 1),
(453, 37, '11:00:00', '12:00:00', 1),
(454, 37, '12:00:00', '13:00:00', 1),
(455, 37, '13:00:00', '14:00:00', 1),
(456, 37, '14:00:00', '15:00:00', 1),
(457, 37, '15:00:00', '16:00:00', 1),
(458, 37, '16:00:00', '17:00:00', 1),
(459, 37, '17:00:00', '18:00:00', 1),
(460, 37, '18:00:00', '19:00:00', 1),
(461, 37, '19:00:00', '20:00:00', 1),
(462, 37, '20:00:00', '21:00:00', 1),
(463, 37, '21:00:00', '22:00:00', 1),
(464, 37, '22:00:00', '23:00:00', 1),
(465, 37, '23:00:00', '24:00:00', 1),
(466, 38, '08:00:00', '09:00:00', 1),
(467, 38, '09:00:00', '10:00:00', 1),
(468, 38, '10:00:00', '11:00:00', 1),
(469, 38, '11:00:00', '12:00:00', 1),
(470, 38, '12:00:00', '13:00:00', 1),
(471, 38, '13:00:00', '14:00:00', 1),
(472, 38, '14:00:00', '15:00:00', 1),
(473, 38, '15:00:00', '16:00:00', 1),
(474, 38, '16:00:00', '17:00:00', 1),
(475, 38, '17:00:00', '18:00:00', 1),
(476, 38, '18:00:00', '19:00:00', 1),
(477, 38, '19:00:00', '20:00:00', 1),
(478, 38, '20:00:00', '21:00:00', 1),
(479, 38, '21:00:00', '22:00:00', 1),
(480, 38, '22:00:00', '23:00:00', 1),
(481, 38, '23:00:00', '24:00:00', 1),
(482, 39, '08:00:00', '09:00:00', 1),
(483, 39, '09:00:00', '10:00:00', 1),
(484, 39, '10:00:00', '11:00:00', 1),
(485, 39, '11:00:00', '12:00:00', 1),
(486, 39, '12:00:00', '13:00:00', 1),
(487, 39, '13:00:00', '14:00:00', 1),
(488, 39, '14:00:00', '15:00:00', 1),
(489, 39, '15:00:00', '16:00:00', 1),
(490, 39, '16:00:00', '17:00:00', 1),
(491, 39, '17:00:00', '18:00:00', 1),
(492, 39, '18:00:00', '19:00:00', 1),
(493, 39, '19:00:00', '20:00:00', 1),
(494, 39, '20:00:00', '21:00:00', 1),
(495, 39, '21:00:00', '22:00:00', 1),
(496, 39, '22:00:00', '23:00:00', 1),
(497, 39, '23:00:00', '24:00:00', 1),
(498, 40, '08:00:00', '09:00:00', 1),
(499, 40, '09:00:00', '10:00:00', 1),
(500, 40, '10:00:00', '11:00:00', 1),
(501, 40, '11:00:00', '12:00:00', 1),
(502, 40, '12:00:00', '13:00:00', 1),
(503, 40, '13:00:00', '14:00:00', 1),
(504, 40, '14:00:00', '15:00:00', 1),
(505, 40, '15:00:00', '16:00:00', 1),
(506, 40, '16:00:00', '17:00:00', 1),
(507, 40, '17:00:00', '18:00:00', 1),
(508, 40, '18:00:00', '19:00:00', 1),
(509, 40, '19:00:00', '20:00:00', 1),
(510, 40, '20:00:00', '21:00:00', 1),
(511, 40, '21:00:00', '22:00:00', 1),
(512, 40, '22:00:00', '23:00:00', 1),
(513, 40, '23:00:00', '24:00:00', 1),
(514, 41, '08:00:00', '09:00:00', 1),
(515, 41, '09:00:00', '10:00:00', 1),
(516, 41, '10:00:00', '11:00:00', 1),
(517, 41, '11:00:00', '12:00:00', 1),
(518, 41, '12:00:00', '13:00:00', 1),
(519, 41, '13:00:00', '14:00:00', 1),
(520, 41, '14:00:00', '15:00:00', 1),
(521, 41, '15:00:00', '16:00:00', 1),
(522, 41, '16:00:00', '17:00:00', 1),
(523, 41, '17:00:00', '18:00:00', 1),
(524, 41, '18:00:00', '19:00:00', 1),
(525, 41, '19:00:00', '20:00:00', 1),
(526, 41, '20:00:00', '21:00:00', 1),
(527, 41, '21:00:00', '22:00:00', 1),
(528, 41, '22:00:00', '23:00:00', 1),
(529, 41, '23:00:00', '24:00:00', 1),
(530, 42, '08:00:00', '09:00:00', 1),
(531, 42, '09:00:00', '10:00:00', 1),
(532, 42, '10:00:00', '11:00:00', 1),
(533, 42, '11:00:00', '12:00:00', 1),
(534, 42, '12:00:00', '13:00:00', 1),
(535, 42, '13:00:00', '14:00:00', 1),
(536, 42, '14:00:00', '15:00:00', 1),
(537, 42, '15:00:00', '16:00:00', 1),
(538, 42, '16:00:00', '17:00:00', 1),
(539, 42, '17:00:00', '18:00:00', 1),
(540, 42, '18:00:00', '19:00:00', 1),
(541, 42, '19:00:00', '20:00:00', 1),
(542, 42, '20:00:00', '21:00:00', 1),
(543, 42, '21:00:00', '22:00:00', 1),
(544, 42, '22:00:00', '23:00:00', 1),
(545, 42, '23:00:00', '24:00:00', 1),
(546, 43, '08:00:00', '09:00:00', 1),
(547, 43, '09:00:00', '10:00:00', 1),
(548, 43, '10:00:00', '11:00:00', 1),
(549, 43, '11:00:00', '12:00:00', 1),
(550, 43, '12:00:00', '13:00:00', 1),
(551, 43, '13:00:00', '14:00:00', 1),
(552, 43, '14:00:00', '15:00:00', 1),
(553, 43, '15:00:00', '16:00:00', 1),
(554, 43, '16:00:00', '17:00:00', 1),
(555, 43, '17:00:00', '18:00:00', 1),
(556, 43, '18:00:00', '19:00:00', 1),
(557, 43, '19:00:00', '20:00:00', 1),
(558, 43, '20:00:00', '21:00:00', 1),
(559, 43, '21:00:00', '22:00:00', 1),
(560, 43, '22:00:00', '23:00:00', 1),
(561, 43, '23:00:00', '24:00:00', 1),
(562, 44, '08:00:00', '09:00:00', 1),
(563, 44, '09:00:00', '10:00:00', 1),
(564, 44, '10:00:00', '11:00:00', 1),
(565, 44, '11:00:00', '12:00:00', 1),
(566, 44, '12:00:00', '13:00:00', 1),
(567, 44, '13:00:00', '14:00:00', 1),
(568, 44, '14:00:00', '15:00:00', 1),
(569, 44, '15:00:00', '16:00:00', 1),
(570, 44, '16:00:00', '17:00:00', 1),
(571, 44, '17:00:00', '18:00:00', 1),
(572, 44, '18:00:00', '19:00:00', 1),
(573, 44, '19:00:00', '20:00:00', 1),
(574, 44, '20:00:00', '21:00:00', 1),
(575, 44, '21:00:00', '22:00:00', 1),
(576, 44, '22:00:00', '23:00:00', 1),
(577, 44, '23:00:00', '24:00:00', 1);

-- --------------------------------------------------------

--
-- Estructura de tabla para la tabla `reservas`
--

CREATE TABLE `reservas` (
  `ReservaID` int(11) NOT NULL,
  `UsuarioID` int(11) DEFAULT NULL,
  `CanchaID` int(11) DEFAULT NULL,
  `NombreCentro` varchar(255) DEFAULT NULL,
  `Comuna` varchar(255) DEFAULT NULL,
  `HorarioID` int(11) DEFAULT NULL,
  `FechaReserva` date DEFAULT NULL,
  `HoraReserva` time DEFAULT NULL,
  `HoraInicioReserva` time DEFAULT NULL,
  `HoraFinReserva` time DEFAULT NULL,
  `NombreCancha` varchar(255) DEFAULT NULL,
  `NombreUsuario` varchar(255) DEFAULT NULL
) ENGINE=InnoDB DEFAULT CHARSET=utf8 COLLATE=utf8_spanish2_ci;

--
-- Volcado de datos para la tabla `reservas`
--

INSERT INTO `reservas` (`ReservaID`, `UsuarioID`, `CanchaID`, `NombreCentro`, `Comuna`, `HorarioID`, `FechaReserva`, `HoraReserva`, `HoraInicioReserva`, `HoraFinReserva`, `NombreCancha`, `NombreUsuario`) VALUES
(44, 1, 36, 'Canchas Club Rabona & Bier Garden', 'Talagante', 447, '2024-10-18', '00:19:14', '21:00:00', '22:00:00', 'Cancha 1', 'sebastian');

-- --------------------------------------------------------

--
-- Estructura de tabla para la tabla `usuarios`
--

CREATE TABLE `usuarios` (
  `UserID` int(11) NOT NULL,
  `Nombre` varchar(100) NOT NULL,
  `Email` varchar(100) NOT NULL,
  `Direccion` varchar(50) NOT NULL,
  `Telefono` int(11) NOT NULL,
  `Contrasena` varchar(255) NOT NULL,
  `FechaRegistro` date NOT NULL
) ENGINE=InnoDB DEFAULT CHARSET=utf8 COLLATE=utf8_spanish2_ci;

--
-- Volcado de datos para la tabla `usuarios`
--

INSERT INTO `usuarios` (`UserID`, `Nombre`, `Email`, `Direccion`, `Telefono`, `Contrasena`, `FechaRegistro`) VALUES
(1, 'sebastian', 'sebas.200294@gmail.com', 'test', 123123, '$2y$10$u5zqfdpTkigK.kwt/KH0QeBhjoTG9J/WIhHLBwvNlpsQ9QCMLco46', '2024-10-10'),
(2, 'kevin', 'KEVINQLO@GMAIL.COM', 'test', 123123, '$2y$10$O/JCjF8HBf4KAzvnfnsLWeKJgSN2TFw9L.jVbWCr39Gb/TL0tFZWy', '2024-10-10'),
(3, 'cristiam', 'cristian@gmail.com', 'viena 1010', 83049839, '$2y$10$GC.usE9NUqWOGlb6x2iMEev2KgHTmWzmhR9bak7LE6jVWvEXpaqDG', '2024-10-11');

--
-- Índices para tablas volcadas
--

--
-- Indices de la tabla `canchas`
--
ALTER TABLE `canchas`
  ADD PRIMARY KEY (`CanchaID`),
  ADD KEY `CentroID` (`CentroID`);

--
-- Indices de la tabla `centrosdeportivos`
--
ALTER TABLE `centrosdeportivos`
  ADD PRIMARY KEY (`CentroID`);

--
-- Indices de la tabla `contactos`
--
ALTER TABLE `contactos`
  ADD PRIMARY KEY (`contactoID`),
  ADD KEY `userID` (`userID`);

--
-- Indices de la tabla `horarios`
--
ALTER TABLE `horarios`
  ADD PRIMARY KEY (`HorarioID`),
  ADD KEY `CanchaID` (`CanchaID`);

--
-- Indices de la tabla `reservas`
--
ALTER TABLE `reservas`
  ADD PRIMARY KEY (`ReservaID`),
  ADD KEY `UsuarioID` (`UsuarioID`),
  ADD KEY `CanchaID` (`CanchaID`),
  ADD KEY `HorarioID` (`HorarioID`);

--
-- Indices de la tabla `usuarios`
--
ALTER TABLE `usuarios`
  ADD PRIMARY KEY (`UserID`);

--
-- AUTO_INCREMENT de las tablas volcadas
--

--
-- AUTO_INCREMENT de la tabla `canchas`
--
ALTER TABLE `canchas`
  MODIFY `CanchaID` int(11) NOT NULL AUTO_INCREMENT, AUTO_INCREMENT=45;

--
-- AUTO_INCREMENT de la tabla `centrosdeportivos`
--
ALTER TABLE `centrosdeportivos`
  MODIFY `CentroID` int(11) NOT NULL AUTO_INCREMENT, AUTO_INCREMENT=18;

--
-- AUTO_INCREMENT de la tabla `contactos`
--
ALTER TABLE `contactos`
  MODIFY `contactoID` int(11) NOT NULL AUTO_INCREMENT, AUTO_INCREMENT=3;

--
-- AUTO_INCREMENT de la tabla `horarios`
--
ALTER TABLE `horarios`
  MODIFY `HorarioID` int(11) NOT NULL AUTO_INCREMENT, AUTO_INCREMENT=578;

--
-- AUTO_INCREMENT de la tabla `reservas`
--
ALTER TABLE `reservas`
  MODIFY `ReservaID` int(11) NOT NULL AUTO_INCREMENT, AUTO_INCREMENT=45;

--
-- AUTO_INCREMENT de la tabla `usuarios`
--
ALTER TABLE `usuarios`
  MODIFY `UserID` int(11) NOT NULL AUTO_INCREMENT, AUTO_INCREMENT=4;

--
-- Restricciones para tablas volcadas
--

--
-- Filtros para la tabla `canchas`
--
ALTER TABLE `canchas`
  ADD CONSTRAINT `canchas_ibfk_1` FOREIGN KEY (`CentroID`) REFERENCES `centrosdeportivos` (`CentroID`) ON DELETE CASCADE;

--
-- Filtros para la tabla `contactos`
--
ALTER TABLE `contactos`
  ADD CONSTRAINT `contactos_ibfk_1` FOREIGN KEY (`userID`) REFERENCES `usuarios` (`UserID`);

--
-- Filtros para la tabla `horarios`
--
ALTER TABLE `horarios`
  ADD CONSTRAINT `horarios_ibfk_1` FOREIGN KEY (`CanchaID`) REFERENCES `canchas` (`CanchaID`) ON DELETE CASCADE;

--
-- Filtros para la tabla `reservas`
--
ALTER TABLE `reservas`
  ADD CONSTRAINT `reservas_ibfk_1` FOREIGN KEY (`UsuarioID`) REFERENCES `usuarios` (`UserID`) ON DELETE CASCADE,
  ADD CONSTRAINT `reservas_ibfk_2` FOREIGN KEY (`CanchaID`) REFERENCES `canchas` (`CanchaID`) ON DELETE CASCADE,
  ADD CONSTRAINT `reservas_ibfk_3` FOREIGN KEY (`HorarioID`) REFERENCES `horarios` (`HorarioID`) ON DELETE CASCADE;
COMMIT;

/*!40101 SET CHARACTER_SET_CLIENT=@OLD_CHARACTER_SET_CLIENT */;
/*!40101 SET CHARACTER_SET_RESULTS=@OLD_CHARACTER_SET_RESULTS */;
/*!40101 SET COLLATION_CONNECTION=@OLD_COLLATION_CONNECTION */;
